{
  "metadata": {
    "forecast": [
      2766.3808050553894,
      2775.099199377437,
      2639.583846729075,
      2895.008556668583,
      2745.693846699284,
      2917.814342350597
    ],
    "mape": 5.86,
    "confidence": "94.1%",
    "algorithm": "ARIMA + Exponential Smoothing Ensemble"
  },
  "products": {
    "ATRATAE": [
      81.36,
      81.62,
      77.63,
      85.15,
      80.76,
      85.82
    ],
    "COVER": [
      81.36,
      81.62,
      77.63,
      85.15,
      80.76,
      85.82
    ],
    "BIOMYCIN": [
      81.36,
      81.62,
      77.63,
      85.15,
      80.76,
      85.82
    ],
    "CELQUIN": [
      81.36,
      81.62,
      77.63,
      85.15,
      80.76,
      85.82
    ],
    "CyPEPGAURD": [
      81.36,
      81.62,
      77.63,
      85.15,
      80.76,
      85.82
    ],
    "SULPIX 807.wP": [
      81.36,
      81.62,
      77.63,
      85.15,
      80.76,
      85.82
    ],
    "ALL CLEAR": [
      81.36,
      81.62,
      77.63,
      85.15,
      80.76,
      85.82
    ],
    "CLINTON": [
      81.36,
      81.62,
      77.63,
      85.15,
      80.76,
      85.82
    ],
    "ROUND-UP": [
      81.36,
      81.62,
      77.63,
      85.15,
      80.76,
      85.82
    ],
    "BEVRATON": [
      81.36,
      81.62,
      77.63,
      85.15,
      80.76,
      85.82
    ],
    "MONDKEM": [
      81.36,
      81.62,
      77.63,
      85.15,
      80.76,
      85.82
    ],
    "SPLC-DAP": [
      81.36,
      81.62,
      77.63,
      85.15,
      80.76,
      85.82
    ],
    "KATHIR SUPER PHASPHTL": [
      81.36,
      81.62,
      77.63,
      85.15,
      80.76,
      85.82
    ],
    "STANES 18 ND": [
      81.36,
      81.62,
      77.63,
      85.15,
      80.76,
      85.82
    ],
    "STANES 10 ND": [
      81.36,
      81.62,
      77.63,
      85.15,
      80.76,
      85.82
    ],
    "AGRIYA PLUS": [
      81.36,
      81.62,
      77.63,
      85.15,
      80.76,
      85.82
    ],
    "MICRONAL LOM RASLL": [
      81.36,
      81.62,
      77.63,
      85.15,
      80.76,
      85.82
    ],
    "ZING SULPHATE": [
      81.36,
      81.62,
      77.63,
      85.15,
      80.76,
      85.82
    ],
    "POWER TRON": [
      81.36,
      81.62,
      77.63,
      85.15,
      80.76,
      85.82
    ],
    "HHJACK 200 LITA": [
      81.36,
      81.62,
      77.63,
      85.15,
      80.76,
      85.82
    ],
    "JANBAA2": [
      81.36,
      81.62,
      77.63,
      85.15,
      80.76,
      85.82
    ],
    "KEMTREK": [
      81.36,
      81.62,
      77.63,
      85.15,
      80.76,
      85.82
    ],
    "INDOELL": [
      81.36,
      81.62,
      77.63,
      85.15,
      80.76,
      85.82
    ],
    "AVTHAR": [
      81.36,
      81.62,
      77.63,
      85.15,
      80.76,
      85.82
    ],
    "TAREEP": [
      81.36,
      81.62,
      77.63,
      85.15,
      80.76,
      85.82
    ],
    "WOKOVIT": [
      81.36,
      81.62,
      77.63,
      85.15,
      80.76,
      85.82
    ],
    "HITACK": [
      81.36,
      81.62,
      77.63,
      85.15,
      80.76,
      85.82
    ],
    "EXYGOLD": [
      81.36,
      81.62,
      77.63,
      85.15,
      80.76,
      85.82
    ],
    "TATA-METRIC": [
      81.36,
      81.62,
      77.63,
      85.15,
      80.76,
      85.82
    ],
    "D-CELL": [
      81.36,
      81.62,
      77.63,
      85.15,
      80.76,
      85.82
    ],
    "WEEDLESS SOPER": [
      81.36,
      81.62,
      77.63,
      85.15,
      80.76,
      85.82
    ],
    "MP DUST": [
      81.36,
      81.62,
      77.63,
      85.15,
      80.76,
      85.82
    ],
    "SUN POWER": [
      81.36,
      81.62,
      77.63,
      85.15,
      80.76,
      85.82
    ],
    "SMITE": [
      81.36,
      81.62,
      77.63,
      85.15,
      80.76,
      85.82
    ]
  }
}